customer_id,customer_name,email,gender,age,city,state
1,Customer_0001,customer0001@example.com,Male,35,Bengaluru,Karnataka
2,Customer_0002,customer0002@example.com,Male,26,Mumbai,Maharashtra
3,Customer_0003,customer0003@example.com,Male,55,Bengaluru,Karnataka
4,Customer_0004,customer0004@example.com,Male,19,Kolkata,West Bengal
5,Customer_0005,customer0005@example.com,Male,32,Bengaluru,Karnataka
6,Customer_0006,customer0006@example.com,Male,53,Kochi,Kerala
7,Customer_0007,customer0007@example.com,Female,32,Mumbai,Maharashtra
8,Customer_0008,customer0008@example.com,Female,18,Coimbatore,Tamil Nadu
9,Customer_0009,customer0009@example.com,Female,39,Hyderabad,Telangana
10,Customer_0010,customer0010@example.com,Male,31,Delhi,Delhi
11,Customer_0011,customer0011@example.com,Male,23,Pune,Maharashtra
12,Customer_0012,customer0012@example.com,Male,40,Kolkata,West Bengal
13,Customer_0013,customer0013@example.com,Female,20,Pune,Maharashtra
14,Customer_0014,customer0014@example.com,Male,42,Coimbatore,Tamil Nadu
15,Customer_0015,customer0015@example.com,Female,58,Bengaluru,Karnataka
16,Customer_0016,customer0016@example.com,Female,54,Ahmedabad,Gujarat
17,Customer_0017,customer0017@example.com,Male,20,Mumbai,Maharashtra
18,Customer_0018,customer0018@example.com,Female,23,Mumbai,Maharashtra
19,Customer_0019,customer0019@example.com,Male,42,Mumbai,Maharashtra
20,Customer_0020,customer0020@example.com,Female,58,Delhi,Delhi
21,Customer_0021,customer0021@example.com,Male,41,Pune,Maharashtra
22,Customer_0022,customer0022@example.com,Male,60,Pune,Maharashtra
23,Customer_0023,customer0023@example.com,Male,56,Delhi,Delhi
24,Customer_0024,customer0024@example.com,Male,28,Hyderabad,Telangana
25,Customer_0025,customer0025@example.com,Female,35,Coimbatore,Tamil Nadu
26,Customer_0026,customer0026@example.com,Male,38,Kochi,Kerala
27,Customer_0027,customer0027@example.com,Male,20,Chennai,Tamil Nadu
28,Customer_0028,customer0028@example.com,Female,35,Pune,Maharashtra
29,Customer_0029,customer0029@example.com,Male,54,Bengaluru,Karnataka
30,Customer_0030,customer0030@example.com,Male,59,Pune,Maharashtra
31,Customer_0031,customer0031@example.com,Female,59,Coimbatore,Tamil Nadu
32,Customer_0032,customer0032@example.com,Male,34,Coimbatore,Tamil Nadu
33,Customer_0033,customer0033@example.com,Male,53,Hyderabad,Telangana
34,Customer_0034,customer0034@example.com,Female,55,Kochi,Kerala
35,Customer_0035,customer0035@example.com,Female,41,Kolkata,West Bengal
36,Customer_0036,customer0036@example.com,Male,50,Mumbai,Maharashtra
37,Customer_0037,customer0037@example.com,Male,21,Coimbatore,Tamil Nadu
38,Customer_0038,customer0038@example.com,Male,58,Bengaluru,Karnataka
39,Customer_0039,customer0039@example.com,Female,56,Hyderabad,Telangana
40,Customer_0040,customer0040@example.com,Female,42,Bengaluru,Karnataka
41,Customer_0041,customer0041@example.com,Female,51,Ahmedabad,Gujarat
42,Customer_0042,customer0042@example.com,Male,25,Delhi,Delhi
43,Customer_0043,customer0043@example.com,Female,59,Kochi,Kerala
44,Customer_0044,customer0044@example.com,Male,36,Pune,Maharashtra
45,Customer_0045,customer0045@example.com,Male,47,Kolkata,West Bengal
46,Customer_0046,customer0046@example.com,Female,50,Chennai,Tamil Nadu
47,Customer_0047,customer0047@example.com,Male,58,Hyderabad,Telangana
48,Customer_0048,customer0048@example.com,Male,27,Delhi,Delhi
49,Customer_0049,customer0049@example.com,Male,52,Pune,Maharashtra
50,Customer_0050,customer0050@example.com,Male,56,Kochi,Kerala
51,Customer_0051,customer0051@example.com,Female,19,Pune,Maharashtra
52,Customer_0052,customer0052@example.com,Female,37,Bengaluru,Karnataka
53,Customer_0053,customer0053@example.com,Male,33,Mumbai,Maharashtra
54,Customer_0054,customer0054@example.com,Male,23,Ahmedabad,Gujarat
55,Customer_0055,customer0055@example.com,Male,52,Coimbatore,Tamil Nadu
56,Customer_0056,customer0056@example.com,Male,60,Hyderabad,Telangana
57,Customer_0057,customer0057@example.com,Male,34,Coimbatore,Tamil Nadu
58,Customer_0058,customer0058@example.com,Female,31,Kochi,Kerala
59,Customer_0059,customer0059@example.com,Male,37,Kochi,Kerala
60,Customer_0060,customer0060@example.com,Female,46,Kolkata,West Bengal
61,Customer_0061,customer0061@example.com,Female,25,Kochi,Kerala
62,Customer_0062,customer0062@example.com,Male,22,Mumbai,Maharashtra
63,Customer_0063,customer0063@example.com,Male,55,Pune,Maharashtra
64,Customer_0064,customer0064@example.com,Male,55,Kochi,Kerala
65,Customer_0065,customer0065@example.com,Male,22,Mumbai,Maharashtra
66,Customer_0066,customer0066@example.com,Male,22,Chennai,Tamil Nadu
67,Customer_0067,customer0067@example.com,Female,22,Chennai,Tamil Nadu
68,Customer_0068,customer0068@example.com,Male,35,Kochi,Kerala
69,Customer_0069,customer0069@example.com,Male,52,Coimbatore,Tamil Nadu
70,Customer_0070,customer0070@example.com,Female,33,Hyderabad,Telangana
71,Customer_0071,customer0071@example.com,Female,30,Coimbatore,Tamil Nadu
72,Customer_0072,customer0072@example.com,Male,60,Bengaluru,Karnataka
73,Customer_0073,customer0073@example.com,Female,45,Kolkata,West Bengal
74,Customer_0074,customer0074@example.com,Female,21,Kolkata,West Bengal
75,Customer_0075,customer0075@example.com,Male,43,Bengaluru,Karnataka
76,Customer_0076,customer0076@example.com,Male,33,Pune,Maharashtra
77,Customer_0077,customer0077@example.com,Male,52,Mumbai,Maharashtra
78,Customer_0078,customer0078@example.com,Male,45,Coimbatore,Tamil Nadu
79,Customer_0079,customer0079@example.com,Female,47,Hyderabad,Telangana
80,Customer_0080,customer0080@example.com,Male,46,Mumbai,Maharashtra
81,Customer_0081,customer0081@example.com,Male,21,Kochi,Kerala
82,Customer_0082,customer0082@example.com,Male,23,Kochi,Kerala
83,Customer_0083,customer0083@example.com,Male,44,Mumbai,Maharashtra
84,Customer_0084,customer0084@example.com,Female,31,Coimbatore,Tamil Nadu
85,Customer_0085,customer0085@example.com,Male,28,Kolkata,West Bengal
86,Customer_0086,customer0086@example.com,Male,42,Kolkata,West Bengal
87,Customer_0087,customer0087@example.com,Female,36,Delhi,Delhi
88,Customer_0088,customer0088@example.com,Female,27,Kolkata,West Bengal
89,Customer_0089,customer0089@example.com,Female,31,Mumbai,Maharashtra
90,Customer_0090,customer0090@example.com,Male,38,Chennai,Tamil Nadu
91,Customer_0091,customer0091@example.com,Male,55,Chennai,Tamil Nadu
92,Customer_0092,customer0092@example.com,Male,21,Coimbatore,Tamil Nadu
93,Customer_0093,customer0093@example.com,Male,29,Kochi,Kerala
94,Customer_0094,customer0094@example.com,Male,33,Bengaluru,Karnataka
95,Customer_0095,customer0095@example.com,Male,54,Kolkata,West Bengal
96,Customer_0096,customer0096@example.com,Male,57,Mumbai,Maharashtra
97,Customer_0097,customer0097@example.com,Female,60,Bengaluru,Karnataka
98,Customer_0098,customer0098@example.com,Female,34,Ahmedabad,Gujarat
99,Customer_0099,customer0099@example.com,Female,33,Mumbai,Maharashtra
100,Customer_0100,customer0100@example.com,Female,26,Delhi,Delhi
101,Customer_0101,customer0101@example.com,Female,38,Delhi,Delhi
102,Customer_0102,customer0102@example.com,Male,47,Bengaluru,Karnataka
103,Customer_0103,customer0103@example.com,Male,22,Ahmedabad,Gujarat
104,Customer_0104,customer0104@example.com,Male,50,Kochi,Kerala
105,Customer_0105,customer0105@example.com,Male,40,Delhi,Delhi
106,Customer_0106,customer0106@example.com,Male,41,Bengaluru,Karnataka
107,Customer_0107,customer0107@example.com,Male,46,Delhi,Delhi
108,Customer_0108,customer0108@example.com,Female,57,Kochi,Kerala
109,Customer_0109,customer0109@example.com,Male,60,Kochi,Kerala
110,Customer_0110,customer0110@example.com,Female,60,Kochi,Kerala
111,Customer_0111,customer0111@example.com,Male,34,Bengaluru,Karnataka
112,Customer_0112,customer0112@example.com,Male,53,Bengaluru,Karnataka
113,Customer_0113,customer0113@example.com,Female,36,Hyderabad,Telangana
114,Customer_0114,customer0114@example.com,Male,39,Ahmedabad,Gujarat
115,Customer_0115,customer0115@example.com,Female,50,Mumbai,Maharashtra
116,Customer_0116,customer0116@example.com,Female,21,Coimbatore,Tamil Nadu
117,Customer_0117,customer0117@example.com,Female,35,Bengaluru,Karnataka
118,Customer_0118,customer0118@example.com,Male,39,Chennai,Tamil Nadu
119,Customer_0119,customer0119@example.com,Female,28,Hyderabad,Telangana
120,Customer_0120,customer0120@example.com,Female,53,Coimbatore,Tamil Nadu
121,Customer_0121,customer0121@example.com,Male,22,Chennai,Tamil Nadu
122,Customer_0122,customer0122@example.com,Male,41,Hyderabad,Telangana
123,Customer_0123,customer0123@example.com,Male,45,Ahmedabad,Gujarat
124,Customer_0124,customer0124@example.com,Male,37,Hyderabad,Telangana
125,Customer_0125,customer0125@example.com,Male,40,Pune,Maharashtra
126,Customer_0126,customer0126@example.com,Male,60,Mumbai,Maharashtra
127,Customer_0127,customer0127@example.com,Female,53,Bengaluru,Karnataka
128,Customer_0128,customer0128@example.com,Male,33,Kolkata,West Bengal
129,Customer_0129,customer0129@example.com,Male,44,Hyderabad,Telangana
130,Customer_0130,customer0130@example.com,Male,39,Chennai,Tamil Nadu
131,Customer_0131,customer0131@example.com,Male,35,Kolkata,West Bengal
132,Customer_0132,customer0132@example.com,Male,42,Hyderabad,Telangana
133,Customer_0133,customer0133@example.com,Female,32,Chennai,Tamil Nadu
134,Customer_0134,customer0134@example.com,Female,40,Mumbai,Maharashtra
135,Customer_0135,customer0135@example.com,Male,32,Delhi,Delhi
136,Customer_0136,customer0136@example.com,Male,43,Chennai,Tamil Nadu
137,Customer_0137,customer0137@example.com,Female,22,Pune,Maharashtra
138,Customer_0138,customer0138@example.com,Female,59,Delhi,Delhi
139,Customer_0139,customer0139@example.com,Female,52,Kochi,Kerala
140,Customer_0140,customer0140@example.com,Male,25,Pune,Maharashtra
141,Customer_0141,customer0141@example.com,Male,55,Delhi,Delhi
142,Customer_0142,customer0142@example.com,Male,24,Delhi,Delhi
143,Customer_0143,customer0143@example.com,Female,40,Ahmedabad,Gujarat
144,Customer_0144,customer0144@example.com,Female,56,Pune,Maharashtra
145,Customer_0145,customer0145@example.com,Male,42,Kochi,Kerala
146,Customer_0146,customer0146@example.com,Male,34,Ahmedabad,Gujarat
147,Customer_0147,customer0147@example.com,Female,18,Chennai,Tamil Nadu
148,Customer_0148,customer0148@example.com,Male,41,Kochi,Kerala
149,Customer_0149,customer0149@example.com,Male,60,Kolkata,West Bengal
150,Customer_0150,customer0150@example.com,Female,60,Pune,Maharashtra
151,Customer_0151,customer0151@example.com,Female,50,Bengaluru,Karnataka
152,Customer_0152,customer0152@example.com,Female,38,Delhi,Delhi
153,Customer_0153,customer0153@example.com,Female,53,Kolkata,West Bengal
154,Customer_0154,customer0154@example.com,Male,44,Hyderabad,Telangana
155,Customer_0155,customer0155@example.com,Male,57,Kolkata,West Bengal
156,Customer_0156,customer0156@example.com,Female,43,Ahmedabad,Gujarat
157,Customer_0157,customer0157@example.com,Male,37,Kochi,Kerala
158,Customer_0158,customer0158@example.com,Male,45,Delhi,Delhi
159,Customer_0159,customer0159@example.com,Female,47,Ahmedabad,Gujarat
160,Customer_0160,customer0160@example.com,Female,31,Coimbatore,Tamil Nadu
161,Customer_0161,customer0161@example.com,Female,28,Kochi,Kerala
162,Customer_0162,customer0162@example.com,Female,50,Bengaluru,Karnataka
163,Customer_0163,customer0163@example.com,Female,23,Ahmedabad,Gujarat
164,Customer_0164,customer0164@example.com,Female,32,Mumbai,Maharashtra
165,Customer_0165,customer0165@example.com,Male,19,Mumbai,Maharashtra
166,Customer_0166,customer0166@example.com,Male,48,Chennai,Tamil Nadu
167,Customer_0167,customer0167@example.com,Male,47,Ahmedabad,Gujarat
168,Customer_0168,customer0168@example.com,Male,42,Kolkata,West Bengal
169,Customer_0169,customer0169@example.com,Female,33,Coimbatore,Tamil Nadu
170,Customer_0170,customer0170@example.com,Male,24,Hyderabad,Telangana
171,Customer_0171,customer0171@example.com,Male,29,Kolkata,West Bengal
172,Customer_0172,customer0172@example.com,Female,21,Kochi,Kerala
173,Customer_0173,customer0173@example.com,Male,25,Kochi,Kerala
174,Customer_0174,customer0174@example.com,Male,47,Coimbatore,Tamil Nadu
175,Customer_0175,customer0175@example.com,Female,46,Kochi,Kerala
176,Customer_0176,customer0176@example.com,Female,53,Ahmedabad,Gujarat
177,Customer_0177,customer0177@example.com,Male,48,Coimbatore,Tamil Nadu
178,Customer_0178,customer0178@example.com,Female,33,Coimbatore,Tamil Nadu
179,Customer_0179,customer0179@example.com,Female,58,Delhi,Delhi
180,Customer_0180,customer0180@example.com,Female,46,Mumbai,Maharashtra
181,Customer_0181,customer0181@example.com,Female,33,Bengaluru,Karnataka
182,Customer_0182,customer0182@example.com,Female,38,Delhi,Delhi
183,Customer_0183,customer0183@example.com,Male,26,Kochi,Kerala
184,Customer_0184,customer0184@example.com,Male,42,Hyderabad,Telangana
185,Customer_0185,customer0185@example.com,Male,22,Hyderabad,Telangana
186,Customer_0186,customer0186@example.com,Female,39,Kolkata,West Bengal
187,Customer_0187,customer0187@example.com,Female,44,Kochi,Kerala
188,Customer_0188,customer0188@example.com,Male,44,Chennai,Tamil Nadu
189,Customer_0189,customer0189@example.com,Male,54,Kolkata,West Bengal
190,Customer_0190,customer0190@example.com,Female,18,Kolkata,West Bengal
191,Customer_0191,customer0191@example.com,Female,42,Pune,Maharashtra
192,Customer_0192,customer0192@example.com,Male,49,Kolkata,West Bengal
193,Customer_0193,customer0193@example.com,Female,45,Mumbai,Maharashtra
194,Customer_0194,customer0194@example.com,Male,42,Coimbatore,Tamil Nadu
195,Customer_0195,customer0195@example.com,Female,28,Pune,Maharashtra
196,Customer_0196,customer0196@example.com,Male,57,Coimbatore,Tamil Nadu
197,Customer_0197,customer0197@example.com,Male,43,Kochi,Kerala
198,Customer_0198,customer0198@example.com,Male,23,Ahmedabad,Gujarat
199,Customer_0199,customer0199@example.com,Male,47,Kolkata,West Bengal
200,Customer_0200,customer0200@example.com,Male,34,Hyderabad,Telangana
201,Customer_0201,customer0201@example.com,Female,31,Kolkata,West Bengal
202,Customer_0202,customer0202@example.com,Female,39,Coimbatore,Tamil Nadu
203,Customer_0203,customer0203@example.com,Female,44,Kolkata,West Bengal
204,Customer_0204,customer0204@example.com,Male,48,Delhi,Delhi
205,Customer_0205,customer0205@example.com,Male,40,Chennai,Tamil Nadu
206,Customer_0206,customer0206@example.com,Male,59,Mumbai,Maharashtra
207,Customer_0207,customer0207@example.com,Male,33,Chennai,Tamil Nadu
208,Customer_0208,customer0208@example.com,Male,57,Mumbai,Maharashtra
209,Customer_0209,customer0209@example.com,Male,26,Hyderabad,Telangana
210,Customer_0210,customer0210@example.com,Male,54,Coimbatore,Tamil Nadu
211,Customer_0211,customer0211@example.com,Female,34,Mumbai,Maharashtra
212,Customer_0212,customer0212@example.com,Male,56,Pune,Maharashtra
213,Customer_0213,customer0213@example.com,Male,28,Ahmedabad,Gujarat
214,Customer_0214,customer0214@example.com,Male,55,Delhi,Delhi
215,Customer_0215,customer0215@example.com,Female,54,Chennai,Tamil Nadu
216,Customer_0216,customer0216@example.com,Female,30,Kolkata,West Bengal
217,Customer_0217,customer0217@example.com,Male,24,Bengaluru,Karnataka
218,Customer_0218,customer0218@example.com,Male,54,Delhi,Delhi
219,Customer_0219,customer0219@example.com,Female,52,Chennai,Tamil Nadu
220,Customer_0220,customer0220@example.com,Female,22,Kolkata,West Bengal
221,Customer_0221,customer0221@example.com,Female,18,Kochi,Kerala
222,Customer_0222,customer0222@example.com,Female,24,Kolkata,West Bengal
223,Customer_0223,customer0223@example.com,Female,58,Kolkata,West Bengal
224,Customer_0224,customer0224@example.com,Male,45,Coimbatore,Tamil Nadu
225,Customer_0225,customer0225@example.com,Female,57,Hyderabad,Telangana
226,Customer_0226,customer0226@example.com,Female,47,Kochi,Kerala
227,Customer_0227,customer0227@example.com,Female,38,Kolkata,West Bengal
228,Customer_0228,customer0228@example.com,Male,35,Mumbai,Maharashtra
229,Customer_0229,customer0229@example.com,Male,47,Coimbatore,Tamil Nadu
230,Customer_0230,customer0230@example.com,Female,39,Ahmedabad,Gujarat
231,Customer_0231,customer0231@example.com,Female,38,Chennai,Tamil Nadu
232,Customer_0232,customer0232@example.com,Female,31,Hyderabad,Telangana
233,Customer_0233,customer0233@example.com,Female,39,Pune,Maharashtra
234,Customer_0234,customer0234@example.com,Female,53,Delhi,Delhi
235,Customer_0235,customer0235@example.com,Male,23,Chennai,Tamil Nadu
236,Customer_0236,customer0236@example.com,Female,49,Mumbai,Maharashtra
237,Customer_0237,customer0237@example.com,Male,48,Kochi,Kerala
238,Customer_0238,customer0238@example.com,Female,19,Coimbatore,Tamil Nadu
239,Customer_0239,customer0239@example.com,Female,32,Bengaluru,Karnataka
240,Customer_0240,customer0240@example.com,Male,37,Kolkata,West Bengal
241,Customer_0241,customer0241@example.com,Female,48,Ahmedabad,Gujarat
242,Customer_0242,customer0242@example.com,Female,45,Kochi,Kerala
243,Customer_0243,customer0243@example.com,Female,40,Kochi,Kerala
244,Customer_0244,customer0244@example.com,Female,37,Coimbatore,Tamil Nadu
245,Customer_0245,customer0245@example.com,Male,25,Delhi,Delhi
246,Customer_0246,customer0246@example.com,Female,25,Mumbai,Maharashtra
247,Customer_0247,customer0247@example.com,Male,30,Kochi,Kerala
248,Customer_0248,customer0248@example.com,Female,35,Mumbai,Maharashtra
249,Customer_0249,customer0249@example.com,Female,24,Ahmedabad,Gujarat
250,Customer_0250,customer0250@example.com,Female,32,Mumbai,Maharashtra
251,Customer_0251,customer0251@example.com,Male,37,Pune,Maharashtra
252,Customer_0252,customer0252@example.com,Male,35,Chennai,Tamil Nadu
253,Customer_0253,customer0253@example.com,Male,53,Chennai,Tamil Nadu
254,Customer_0254,customer0254@example.com,Male,58,Delhi,Delhi
255,Customer_0255,customer0255@example.com,Male,18,Coimbatore,Tamil Nadu
256,Customer_0256,customer0256@example.com,Female,48,Ahmedabad,Gujarat
257,Customer_0257,customer0257@example.com,Female,39,Coimbatore,Tamil Nadu
258,Customer_0258,customer0258@example.com,Male,34,Hyderabad,Telangana
259,Customer_0259,customer0259@example.com,Male,22,Coimbatore,Tamil Nadu
260,Customer_0260,customer0260@example.com,Female,22,Kolkata,West Bengal
261,Customer_0261,customer0261@example.com,Male,27,Ahmedabad,Gujarat
262,Customer_0262,customer0262@example.com,Female,23,Hyderabad,Telangana
263,Customer_0263,customer0263@example.com,Male,53,Mumbai,Maharashtra
264,Customer_0264,customer0264@example.com,Male,51,Kolkata,West Bengal
265,Customer_0265,customer0265@example.com,Female,46,Kolkata,West Bengal
266,Customer_0266,customer0266@example.com,Female,37,Delhi,Delhi
267,Customer_0267,customer0267@example.com,Male,57,Ahmedabad,Gujarat
268,Customer_0268,customer0268@example.com,Male,58,Bengaluru,Karnataka
269,Customer_0269,customer0269@example.com,Female,60,Mumbai,Maharashtra
270,Customer_0270,customer0270@example.com,Male,33,Bengaluru,Karnataka
271,Customer_0271,customer0271@example.com,Male,28,Hyderabad,Telangana
272,Customer_0272,customer0272@example.com,Female,46,Chennai,Tamil Nadu
273,Customer_0273,customer0273@example.com,Female,36,Ahmedabad,Gujarat
274,Customer_0274,customer0274@example.com,Male,36,Chennai,Tamil Nadu
275,Customer_0275,customer0275@example.com,Female,22,Delhi,Delhi
276,Customer_0276,customer0276@example.com,Female,58,Mumbai,Maharashtra
277,Customer_0277,customer0277@example.com,Male,45,Ahmedabad,Gujarat
278,Customer_0278,customer0278@example.com,Male,59,Bengaluru,Karnataka
279,Customer_0279,customer0279@example.com,Female,27,Hyderabad,Telangana
280,Customer_0280,customer0280@example.com,Male,28,Bengaluru,Karnataka
281,Customer_0281,customer0281@example.com,Female,46,Delhi,Delhi
282,Customer_0282,customer0282@example.com,Female,37,Bengaluru,Karnataka
283,Customer_0283,customer0283@example.com,Female,50,Kolkata,West Bengal
284,Customer_0284,customer0284@example.com,Female,46,Kochi,Kerala
285,Customer_0285,customer0285@example.com,Male,45,Bengaluru,Karnataka
286,Customer_0286,customer0286@example.com,Female,19,Pune,Maharashtra
287,Customer_0287,customer0287@example.com,Male,54,Bengaluru,Karnataka
288,Customer_0288,customer0288@example.com,Male,35,Ahmedabad,Gujarat
289,Customer_0289,customer0289@example.com,Male,29,Ahmedabad,Gujarat
290,Customer_0290,customer0290@example.com,Female,35,Coimbatore,Tamil Nadu
291,Customer_0291,customer0291@example.com,Female,58,Hyderabad,Telangana
292,Customer_0292,customer0292@example.com,Male,48,Coimbatore,Tamil Nadu
293,Customer_0293,customer0293@example.com,Female,39,Pune,Maharashtra
294,Customer_0294,customer0294@example.com,Male,28,Pune,Maharashtra
295,Customer_0295,customer0295@example.com,Female,49,Pune,Maharashtra
296,Customer_0296,customer0296@example.com,Female,53,Delhi,Delhi
297,Customer_0297,customer0297@example.com,Female,23,Chennai,Tamil Nadu
298,Customer_0298,customer0298@example.com,Female,38,Pune,Maharashtra
299,Customer_0299,customer0299@example.com,Female,50,Bengaluru,Karnataka
300,Customer_0300,customer0300@example.com,Female,44,Chennai,Tamil Nadu
301,Customer_0301,customer0301@example.com,Male,51,Chennai,Tamil Nadu
302,Customer_0302,customer0302@example.com,Female,58,Pune,Maharashtra
303,Customer_0303,customer0303@example.com,Male,31,Coimbatore,Tamil Nadu
304,Customer_0304,customer0304@example.com,Male,36,Delhi,Delhi
305,Customer_0305,customer0305@example.com,Female,25,Coimbatore,Tamil Nadu
306,Customer_0306,customer0306@example.com,Male,28,Chennai,Tamil Nadu
307,Customer_0307,customer0307@example.com,Male,53,Delhi,Delhi
308,Customer_0308,customer0308@example.com,Male,32,Kolkata,West Bengal
309,Customer_0309,customer0309@example.com,Female,25,Bengaluru,Karnataka
310,Customer_0310,customer0310@example.com,Female,36,Hyderabad,Telangana
311,Customer_0311,customer0311@example.com,Female,44,Kochi,Kerala
312,Customer_0312,customer0312@example.com,Female,33,Coimbatore,Tamil Nadu
313,Customer_0313,customer0313@example.com,Male,42,Coimbatore,Tamil Nadu
314,Customer_0314,customer0314@example.com,Male,22,Mumbai,Maharashtra
315,Customer_0315,customer0315@example.com,Female,39,Delhi,Delhi
316,Customer_0316,customer0316@example.com,Female,18,Kochi,Kerala
317,Customer_0317,customer0317@example.com,Female,55,Delhi,Delhi
318,Customer_0318,customer0318@example.com,Female,27,Ahmedabad,Gujarat
319,Customer_0319,customer0319@example.com,Female,40,Coimbatore,Tamil Nadu
320,Customer_0320,customer0320@example.com,Female,47,Pune,Maharashtra
321,Customer_0321,customer0321@example.com,Male,33,Pune,Maharashtra
322,Customer_0322,customer0322@example.com,Female,32,Ahmedabad,Gujarat
323,Customer_0323,customer0323@example.com,Male,38,Kolkata,West Bengal
324,Customer_0324,customer0324@example.com,Female,42,Coimbatore,Tamil Nadu
325,Customer_0325,customer0325@example.com,Female,20,Hyderabad,Telangana
326,Customer_0326,customer0326@example.com,Female,24,Hyderabad,Telangana
327,Customer_0327,customer0327@example.com,Male,51,Coimbatore,Tamil Nadu
328,Customer_0328,customer0328@example.com,Male,27,Coimbatore,Tamil Nadu
329,Customer_0329,customer0329@example.com,Male,22,Kolkata,West Bengal
330,Customer_0330,customer0330@example.com,Female,39,Coimbatore,Tamil Nadu
331,Customer_0331,customer0331@example.com,Female,59,Ahmedabad,Gujarat
332,Customer_0332,customer0332@example.com,Female,52,Bengaluru,Karnataka
333,Customer_0333,customer0333@example.com,Female,58,Kolkata,West Bengal
334,Customer_0334,customer0334@example.com,Male,57,Coimbatore,Tamil Nadu
335,Customer_0335,customer0335@example.com,Male,58,Bengaluru,Karnataka
336,Customer_0336,customer0336@example.com,Male,23,Delhi,Delhi
337,Customer_0337,customer0337@example.com,Male,58,Kolkata,West Bengal
338,Customer_0338,customer0338@example.com,Female,28,Bengaluru,Karnataka
339,Customer_0339,customer0339@example.com,Male,20,Delhi,Delhi
340,Customer_0340,customer0340@example.com,Male,36,Pune,Maharashtra
341,Customer_0341,customer0341@example.com,Female,45,Pune,Maharashtra
342,Customer_0342,customer0342@example.com,Male,51,Hyderabad,Telangana
343,Customer_0343,customer0343@example.com,Male,28,Kolkata,West Bengal
344,Customer_0344,customer0344@example.com,Male,57,Hyderabad,Telangana
345,Customer_0345,customer0345@example.com,Male,49,Kolkata,West Bengal
346,Customer_0346,customer0346@example.com,Male,32,Ahmedabad,Gujarat
347,Customer_0347,customer0347@example.com,Female,47,Coimbatore,Tamil Nadu
348,Customer_0348,customer0348@example.com,Male,47,Delhi,Delhi
349,Customer_0349,customer0349@example.com,Male,22,Delhi,Delhi
350,Customer_0350,customer0350@example.com,Female,55,Coimbatore,Tamil Nadu
351,Customer_0351,customer0351@example.com,Female,34,Delhi,Delhi
352,Customer_0352,customer0352@example.com,Female,30,Coimbatore,Tamil Nadu
353,Customer_0353,customer0353@example.com,Female,24,Kolkata,West Bengal
354,Customer_0354,customer0354@example.com,Female,54,Mumbai,Maharashtra
355,Customer_0355,customer0355@example.com,Female,36,Pune,Maharashtra
356,Customer_0356,customer0356@example.com,Female,35,Chennai,Tamil Nadu
357,Customer_0357,customer0357@example.com,Male,56,Chennai,Tamil Nadu
358,Customer_0358,customer0358@example.com,Female,32,Coimbatore,Tamil Nadu
359,Customer_0359,customer0359@example.com,Female,32,Ahmedabad,Gujarat
360,Customer_0360,customer0360@example.com,Female,60,Mumbai,Maharashtra
361,Customer_0361,customer0361@example.com,Male,58,Hyderabad,Telangana
362,Customer_0362,customer0362@example.com,Female,46,Chennai,Tamil Nadu
363,Customer_0363,customer0363@example.com,Female,26,Chennai,Tamil Nadu
364,Customer_0364,customer0364@example.com,Female,38,Bengaluru,Karnataka
365,Customer_0365,customer0365@example.com,Male,30,Kolkata,West Bengal
366,Customer_0366,customer0366@example.com,Female,51,Hyderabad,Telangana
367,Customer_0367,customer0367@example.com,Female,28,Kochi,Kerala
368,Customer_0368,customer0368@example.com,Female,36,Delhi,Delhi
369,Customer_0369,customer0369@example.com,Male,47,Pune,Maharashtra
370,Customer_0370,customer0370@example.com,Male,32,Bengaluru,Karnataka
371,Customer_0371,customer0371@example.com,Female,23,Kolkata,West Bengal
372,Customer_0372,customer0372@example.com,Male,34,Kolkata,West Bengal
373,Customer_0373,customer0373@example.com,Male,47,Kochi,Kerala
374,Customer_0374,customer0374@example.com,Female,55,Pune,Maharashtra
375,Customer_0375,customer0375@example.com,Female,24,Kolkata,West Bengal
376,Customer_0376,customer0376@example.com,Female,19,Mumbai,Maharashtra
377,Customer_0377,customer0377@example.com,Female,57,Ahmedabad,Gujarat
378,Customer_0378,customer0378@example.com,Male,58,Mumbai,Maharashtra
379,Customer_0379,customer0379@example.com,Female,59,Coimbatore,Tamil Nadu
380,Customer_0380,customer0380@example.com,Male,26,Kolkata,West Bengal
381,Customer_0381,customer0381@example.com,Male,37,Chennai,Tamil Nadu
382,Customer_0382,customer0382@example.com,Male,24,Coimbatore,Tamil Nadu
383,Customer_0383,customer0383@example.com,Male,42,Mumbai,Maharashtra
384,Customer_0384,customer0384@example.com,Female,60,Coimbatore,Tamil Nadu
385,Customer_0385,customer0385@example.com,Female,55,Kochi,Kerala
386,Customer_0386,customer0386@example.com,Female,59,Hyderabad,Telangana
387,Customer_0387,customer0387@example.com,Female,57,Bengaluru,Karnataka
388,Customer_0388,customer0388@example.com,Female,20,Kolkata,West Bengal
389,Customer_0389,customer0389@example.com,Male,46,Pune,Maharashtra
390,Customer_0390,customer0390@example.com,Male,41,Coimbatore,Tamil Nadu
391,Customer_0391,customer0391@example.com,Female,52,Bengaluru,Karnataka
392,Customer_0392,customer0392@example.com,Male,43,Pune,Maharashtra
393,Customer_0393,customer0393@example.com,Male,25,Delhi,Delhi
394,Customer_0394,customer0394@example.com,Male,60,Coimbatore,Tamil Nadu
395,Customer_0395,customer0395@example.com,Male,21,Mumbai,Maharashtra
396,Customer_0396,customer0396@example.com,Male,26,Pune,Maharashtra
397,Customer_0397,customer0397@example.com,Male,22,Ahmedabad,Gujarat
398,Customer_0398,customer0398@example.com,Male,55,Kochi,Kerala
399,Customer_0399,customer0399@example.com,Male,39,Mumbai,Maharashtra
400,Customer_0400,customer0400@example.com,Male,35,Hyderabad,Telangana
401,Customer_0401,customer0401@example.com,Male,52,Hyderabad,Telangana
402,Customer_0402,customer0402@example.com,Male,25,Delhi,Delhi
403,Customer_0403,customer0403@example.com,Male,18,Chennai,Tamil Nadu
404,Customer_0404,customer0404@example.com,Male,55,Pune,Maharashtra
405,Customer_0405,customer0405@example.com,Male,29,Pune,Maharashtra
406,Customer_0406,customer0406@example.com,Male,26,Delhi,Delhi
407,Customer_0407,customer0407@example.com,Male,22,Kolkata,West Bengal
408,Customer_0408,customer0408@example.com,Female,41,Coimbatore,Tamil Nadu
409,Customer_0409,customer0409@example.com,Male,46,Kochi,Kerala
410,Customer_0410,customer0410@example.com,Male,57,Kochi,Kerala
411,Customer_0411,customer0411@example.com,Female,47,Chennai,Tamil Nadu
412,Customer_0412,customer0412@example.com,Male,48,Chennai,Tamil Nadu
413,Customer_0413,customer0413@example.com,Female,24,Kolkata,West Bengal
414,Customer_0414,customer0414@example.com,Female,22,Coimbatore,Tamil Nadu
415,Customer_0415,customer0415@example.com,Female,56,Bengaluru,Karnataka
416,Customer_0416,customer0416@example.com,Male,26,Hyderabad,Telangana
417,Customer_0417,customer0417@example.com,Female,42,Delhi,Delhi
418,Customer_0418,customer0418@example.com,Female,47,Ahmedabad,Gujarat
419,Customer_0419,customer0419@example.com,Female,24,Kochi,Kerala
420,Customer_0420,customer0420@example.com,Male,45,Bengaluru,Karnataka
421,Customer_0421,customer0421@example.com,Male,44,Coimbatore,Tamil Nadu
422,Customer_0422,customer0422@example.com,Female,43,Pune,Maharashtra
423,Customer_0423,customer0423@example.com,Male,38,Kolkata,West Bengal
424,Customer_0424,customer0424@example.com,Female,60,Kolkata,West Bengal
425,Customer_0425,customer0425@example.com,Female,27,Delhi,Delhi
426,Customer_0426,customer0426@example.com,Male,23,Coimbatore,Tamil Nadu
427,Customer_0427,customer0427@example.com,Male,45,Bengaluru,Karnataka
428,Customer_0428,customer0428@example.com,Female,26,Bengaluru,Karnataka
429,Customer_0429,customer0429@example.com,Male,55,Kochi,Kerala
430,Customer_0430,customer0430@example.com,Female,60,Kochi,Kerala
431,Customer_0431,customer0431@example.com,Female,40,Bengaluru,Karnataka
432,Customer_0432,customer0432@example.com,Male,36,Kolkata,West Bengal
433,Customer_0433,customer0433@example.com,Female,40,Ahmedabad,Gujarat
434,Customer_0434,customer0434@example.com,Male,27,Bengaluru,Karnataka
435,Customer_0435,customer0435@example.com,Male,24,Coimbatore,Tamil Nadu
436,Customer_0436,customer0436@example.com,Female,25,Pune,Maharashtra
437,Customer_0437,customer0437@example.com,Male,45,Delhi,Delhi
438,Customer_0438,customer0438@example.com,Male,56,Kochi,Kerala
439,Customer_0439,customer0439@example.com,Male,29,Delhi,Delhi
440,Customer_0440,customer0440@example.com,Female,39,Delhi,Delhi
441,Customer_0441,customer0441@example.com,Male,29,Pune,Maharashtra
442,Customer_0442,customer0442@example.com,Female,22,Hyderabad,Telangana
443,Customer_0443,customer0443@example.com,Male,23,Hyderabad,Telangana
444,Customer_0444,customer0444@example.com,Male,42,Kochi,Kerala
445,Customer_0445,customer0445@example.com,Female,39,Kolkata,West Bengal
446,Customer_0446,customer0446@example.com,Female,37,Hyderabad,Telangana
447,Customer_0447,customer0447@example.com,Male,21,Pune,Maharashtra
448,Customer_0448,customer0448@example.com,Male,57,Hyderabad,Telangana
449,Customer_0449,customer0449@example.com,Male,35,Chennai,Tamil Nadu
450,Customer_0450,customer0450@example.com,Female,49,Coimbatore,Tamil Nadu
451,Customer_0451,customer0451@example.com,Female,44,Ahmedabad,Gujarat
452,Customer_0452,customer0452@example.com,Male,50,Delhi,Delhi
453,Customer_0453,customer0453@example.com,Female,45,Bengaluru,Karnataka
454,Customer_0454,customer0454@example.com,Female,55,Bengaluru,Karnataka
455,Customer_0455,customer0455@example.com,Female,20,Coimbatore,Tamil Nadu
456,Customer_0456,customer0456@example.com,Female,56,Mumbai,Maharashtra
457,Customer_0457,customer0457@example.com,Male,31,Chennai,Tamil Nadu
458,Customer_0458,customer0458@example.com,Male,26,Delhi,Delhi
459,Customer_0459,customer0459@example.com,Female,38,Delhi,Delhi
460,Customer_0460,customer0460@example.com,Male,49,Bengaluru,Karnataka
461,Customer_0461,customer0461@example.com,Male,26,Kolkata,West Bengal
462,Customer_0462,customer0462@example.com,Male,50,Kolkata,West Bengal
463,Customer_0463,customer0463@example.com,Female,22,Kochi,Kerala
464,Customer_0464,customer0464@example.com,Male,45,Kolkata,West Bengal
465,Customer_0465,customer0465@example.com,Female,22,Chennai,Tamil Nadu
466,Customer_0466,customer0466@example.com,Female,54,Pune,Maharashtra
467,Customer_0467,customer0467@example.com,Female,36,Kolkata,West Bengal
468,Customer_0468,customer0468@example.com,Female,19,Bengaluru,Karnataka
469,Customer_0469,customer0469@example.com,Male,57,Pune,Maharashtra
470,Customer_0470,customer0470@example.com,Female,23,Coimbatore,Tamil Nadu
471,Customer_0471,customer0471@example.com,Male,33,Kolkata,West Bengal
472,Customer_0472,customer0472@example.com,Female,51,Kolkata,West Bengal
473,Customer_0473,customer0473@example.com,Female,37,Bengaluru,Karnataka
474,Customer_0474,customer0474@example.com,Male,39,Pune,Maharashtra
475,Customer_0475,customer0475@example.com,Male,50,Hyderabad,Telangana
476,Customer_0476,customer0476@example.com,Male,40,Bengaluru,Karnataka
477,Customer_0477,customer0477@example.com,Male,33,Pune,Maharashtra
478,Customer_0478,customer0478@example.com,Male,34,Bengaluru,Karnataka
479,Customer_0479,customer0479@example.com,Male,56,Mumbai,Maharashtra
480,Customer_0480,customer0480@example.com,Male,29,Hyderabad,Telangana
481,Customer_0481,customer0481@example.com,Female,54,Coimbatore,Tamil Nadu
482,Customer_0482,customer0482@example.com,Female,54,Ahmedabad,Gujarat
483,Customer_0483,customer0483@example.com,Female,58,Ahmedabad,Gujarat
484,Customer_0484,customer0484@example.com,Male,46,Pune,Maharashtra
485,Customer_0485,customer0485@example.com,Female,46,Bengaluru,Karnataka
486,Customer_0486,customer0486@example.com,Female,55,Delhi,Delhi
487,Customer_0487,customer0487@example.com,Female,50,Chennai,Tamil Nadu
488,Customer_0488,customer0488@example.com,Female,47,Bengaluru,Karnataka
489,Customer_0489,customer0489@example.com,Male,21,Coimbatore,Tamil Nadu
490,Customer_0490,customer0490@example.com,Female,22,Pune,Maharashtra
491,Customer_0491,customer0491@example.com,Female,47,Bengaluru,Karnataka
492,Customer_0492,customer0492@example.com,Male,46,Ahmedabad,Gujarat
493,Customer_0493,customer0493@example.com,Male,38,Ahmedabad,Gujarat
494,Customer_0494,customer0494@example.com,Female,50,Ahmedabad,Gujarat
495,Customer_0495,customer0495@example.com,Male,46,Hyderabad,Telangana
496,Customer_0496,customer0496@example.com,Female,23,Bengaluru,Karnataka
497,Customer_0497,customer0497@example.com,Male,20,Kochi,Kerala
498,Customer_0498,customer0498@example.com,Female,46,Mumbai,Maharashtra
499,Customer_0499,customer0499@example.com,Male,41,Kochi,Kerala
500,Customer_0500,customer0500@example.com,Female,42,Pune,Maharashtra
